OLD_URL,NEW_URL
https://www.pedigreeskishop.com/,https://www.pedigreeskishop.com/
https://www.pedigreeskishop.com/category.cfm/brand/ALP%20N%20ROCK,http://209.208.39.58:8999/brand/alp-n-rock
https://www.pedigreeskishop.com/category.cfm/brand/BLIZZARD,http://209.208.39.58:8999/brand/blizzard
https://www.pedigreeskishop.com/category.cfm/brand/DESCENTE%20AMERICA,http://209.208.39.58:8999/brand/descente
https://www.pedigreeskishop.com/category.cfm/brand/FILA,http://209.208.39.58:8999/brand/fila
https://www.pedigreeskishop.com/category.cfm/brand/NORDICA,http://209.208.39.58:8999/brand/nordica
https://www.pedigreeskishop.com/category.cfm/ski/,http://209.208.39.58:8999/ski
https://www.pedigreeskishop.com/category.cfm/ski/accessories,https://www.pedigreeskishop.com/ski-accessories
https://www.pedigreeskishop.com/category.cfm/ski/accessories_gifts,http://209.208.39.58:8999/ski-accessories
https://www.pedigreeskishop.com/category.cfm/ski/accessories-backpacks,https://www.pedigreeskishop.com/mens-accessories-backpacks
https://www.pedigreeskishop.com/category.cfm/ski/accessories-backpacks/brand/KJUS,https://www.pedigreeskishop.com/mens-accessories-backpacks
https://www.pedigreeskishop.com/category.cfm/ski/accessories-bags,http://209.208.39.58:8999/all-products/browse/keyword/bag
https://www.pedigreeskishop.com/category.cfm/ski/accessories-bags-ski,http://209.208.39.58:8999/all-products/browse/keyword/bag
https://www.pedigreeskishop.com/category.cfm/ski/accessories-bags-ski/brand/VIST,http://209.208.39.58:8999/all-products/browse/keyword/bag
https://www.pedigreeskishop.com/category.cfm/ski/accessories-bags-snowboard,http://209.208.39.58:8999/all-products/browse/keyword/bag
https://www.pedigreeskishop.com/category.cfm/ski/accessories-bags-tennis,http://209.208.39.58:8999/all-products/browse/keyword/bag
https://www.pedigreeskishop.com/category.cfm/ski/accessories-bags-tennis/brand/THE%20NORTH%20FACE,http://209.208.39.58:8999/all-products/browse/keyword/bag
https://www.pedigreeskishop.com/category.cfm/ski/accessories-boot heaters and dryers,https://www.pedigreeskishop.com/ski-accessories-boot-heaters-and-dryers
https://www.pedigreeskishop.com/category.cfm/ski/accessories-carracksystems,https://www.pedigreeskishop.com/ski-accessories-car-rack-systems
https://www.pedigreeskishop.com/category.cfm/ski/accessories-facemasksheadbandsneckgaitorsscarves,https://www.pedigreeskishop.com/mens-accessories-headbands-neckgaitors-scarves
https://www.pedigreeskishop.com/category.cfm/ski/accessories-go pro,https://www.pedigreeskishop.com/ski-accessories-other
https://www.pedigreeskishop.com/category.cfm/ski/accessories-goggles,https://www.pedigreeskishop.com/ski-accessories-goggles
https://www.pedigreeskishop.com/category.cfm/ski/accessories-goggles/brand/ATOMIC,https://www.pedigreeskishop.com/ski-accessories-goggles-adult
https://www.pedigreeskishop.com/category.cfm/ski/accessories-gopro/brand/DESCENTE%20AMERICA,https://www.pedigreeskishop.com/ski-accessories-goggles-adult
https://www.pedigreeskishop.com/category.cfm/ski/accessories-gore-tex,http://209.208.39.58:8999/ski-accessories
https://www.pedigreeskishop.com/category.cfm/ski/accessories-gore-tex/brand/LACOSTE,http://209.208.39.58:8999/ski-accessories
https://www.pedigreeskishop.com/category.cfm/ski/accessories-handandfootwarmers,https://www.pedigreeskishop.com/mens-accessories-hand-and-foot-warmers
https://www.pedigreeskishop.com/category.cfm/ski/accessories-helmets,https://www.pedigreeskishop.com/ski-accessories-helmets
https://www.pedigreeskishop.com/category.cfm/ski/accessories-sleds,http://209.208.39.58:8999/ski-accessories
https://www.pedigreeskishop.com/category.cfm/ski/accessories-snowshoes,https://www.pedigreeskishop.com/ski-accessories-snowshoes
https://www.pedigreeskishop.com/category.cfm/ski/accessories-socks,https://www.pedigreeskishop.com/mens-accessories-socks
https://www.pedigreeskishop.com/category.cfm/ski/accessories-sunglasses,http://209.208.39.58:8999/ski-accessories
https://www.pedigreeskishop.com/category.cfm/ski/flash-sale,http://209.208.39.58:8999/
https://www.pedigreeskishop.com/category.cfm/ski/kdeotqxvc.html,http://209.208.39.58:8999/
https://www.pedigreeskishop.com/category.cfm/ski/KIDS,http://209.208.39.58:8999/kids
https://www.pedigreeskishop.com/category.cfm/ski/kids-junior,http://209.208.39.58:8999/kids
https://www.pedigreeskishop.com/category.cfm/ski/kids-junior-fleecevests,https://www.pedigreeskishop.com/kids-vests-fleece
https://www.pedigreeskishop.com/category.cfm/ski/kids-junior-footwear,https://www.pedigreeskishop.com/kids-footwear
https://www.pedigreeskishop.com/category.cfm/ski/kids-junior-footwear-sandals,http://209.208.39.58:8999/kids-footwear
https://www.pedigreeskishop.com/category.cfm/ski/kids-junior-footwear-tennisshoes,https://www.pedigreeskishop.com/kids-footwear-tennis-shoes
https://www.pedigreeskishop.com/category.cfm/ski/kids-junior-footwear-winterboots,https://www.pedigreeskishop.com/kids-footwear-winter-boots
https://www.pedigreeskishop.com/category.cfm/ski/kids-junior-hatsglovesandaccessories,http://209.208.39.58:8999/kids-accessories
https://www.pedigreeskishop.com/category.cfm/ski/kids-junior-hatsglovesandaccessories-fleeceandsoftshellgloves,http://209.208.39.58:8999/kids-accessories
https://www.pedigreeskishop.com/category.cfm/ski/kids-junior-hatsglovesandaccessories-skiandsnowboardglovesandmittens,http://209.208.39.58:8999/kids-accessories
https://www.pedigreeskishop.com/category.cfm/ski/kids-junior-hatsglovesandaccessories-summerhats,http://209.208.39.58:8999/kids-accessories
https://www.pedigreeskishop.com/category.cfm/ski/kids-junior-hatsglovesandaccessories-winterhats,http://209.208.39.58:8999/kids-accessories
https://www.pedigreeskishop.com/category.cfm/ski/kids-junior-jackets,https://www.pedigreeskishop.com/kids-jackets
https://www.pedigreeskishop.com/category.cfm/ski/kids-junior-jackets-fleecejackets,https://www.pedigreeskishop.com/kids-jackets-fleece
https://www.pedigreeskishop.com/category.cfm/ski/kids-junior-jackets-insulatedjackets,https://www.pedigreeskishop.com/kids-jackets-insulators
https://www.pedigreeskishop.com/category.cfm/ski/kids-junior-jackets-insulatedjackets/brand/KARBON,https://www.pedigreeskishop.com/kids-jackets-insulators
https://www.pedigreeskishop.com/category.cfm/ski/kids-junior-jackets-insulatedjackets/brand/KILLTEC,https://www.pedigreeskishop.com/kids-jackets-insulators
https://www.pedigreeskishop.com/category.cfm/ski/kids-junior-jackets-insulators,https://www.pedigreeskishop.com/kids-jackets-insulators
https://www.pedigreeskishop.com/category.cfm/ski/kids-junior-jackets-shelljackets,https://www.pedigreeskishop.com/kids-jackets-shell
https://www.pedigreeskishop.com/category.cfm/ski/kids-junior-jackets-snowboardjackets,https://www.pedigreeskishop.com/kids-jackets-snowboard
https://www.pedigreeskishop.com/category.cfm/ski/kids-junior-jackets-softshelljackets,https://www.pedigreeskishop.com/kids-jackets-shell
https://www.pedigreeskishop.com/category.cfm/ski/kids-junior-jackets/brand/KILLTEC,http://209.208.39.58:8999/kids-jackets/browse/brand/killtec
https://www.pedigreeskishop.com/category.cfm/ski/kids-junior-jackets/brand/KJUS,http://209.208.39.58:8999/kids-jackets/browse/brand/kjus
https://www.pedigreeskishop.com/category.cfm/ski/kids-junior-pants,https://www.pedigreeskishop.com/kids-pants
https://www.pedigreeskishop.com/category.cfm/ski/kids-junior-pants-bibs,https://www.pedigreeskishop.com/kids-pants-bibs
https://www.pedigreeskishop.com/category.cfm/ski/kids-junior-pants-fleecepants,http://209.208.39.58:8999/kids-pants
https://www.pedigreeskishop.com/category.cfm/ski/kids-junior-pants-insulatedpants,https://www.pedigreeskishop.com/kids-pants-insulated
https://www.pedigreeskishop.com/category.cfm/ski/kids-junior-pants-shellpants,http://209.208.39.58:8999/kids-pants
https://www.pedigreeskishop.com/category.cfm/ski/kids-junior-pants-snowboardpants,https://www.pedigreeskishop.com/kids-pants-snowboard
https://www.pedigreeskishop.com/category.cfm/ski/kids-junior-pants/brand/KARBON,http://209.208.39.58:8999/kids-pants/browse/brand/karbon
https://www.pedigreeskishop.com/category.cfm/ski/kids-junior-shirts,http://209.208.39.58:8999/kids-shirts
https://www.pedigreeskishop.com/category.cfm/ski/kids-junior-shirts-rashguards,http://209.208.39.58:8999/kids-shirts
https://www.pedigreeskishop.com/category.cfm/ski/kids-junior-shirts-tennisshirts,https://www.pedigreeskishop.com/kids-shirts-tennis-crew
https://www.pedigreeskishop.com/category.cfm/ski/kids-junior-shirts-tshirts,http://209.208.39.58:8999/kids-shirts
https://www.pedigreeskishop.com/category.cfm/ski/kids-junior-shirts-turtlenecks,http://209.208.39.58:8999/kids-shirts
https://www.pedigreeskishop.com/category.cfm/ski/kids-junior-shorts,https://www.pedigreeskishop.com/kids-shorts
https://www.pedigreeskishop.com/category.cfm/ski/kids-junior-shorts-boardshorts,http://209.208.39.58:8999/kids-shorts
https://www.pedigreeskishop.com/category.cfm/ski/kids-junior-shorts-tennisshorts,https://www.pedigreeskishop.com/kids-shorts-tennis
https://www.pedigreeskishop.com/category.cfm/ski/kids-junior-skirtsanddresses,https://www.pedigreeskishop.com/tennis-girls-clothing-dresses
https://www.pedigreeskishop.com/category.cfm/ski/kids-junior-skirtsanddresses-tennis,https://www.pedigreeskishop.com/kids-dresses-tennis
https://www.pedigreeskishop.com/category.cfm/ski/kids-junior-sweatersandsweatshirts,https://www.pedigreeskishop.com/kids-shirts-sweatshirts
https://www.pedigreeskishop.com/category.cfm/ski/kids-junior-swimwear,http://209.208.39.58:8999/swim
https://www.pedigreeskishop.com/category.cfm/ski/kids-junior-swimwear-accessories,http://209.208.39.58:8999/swim-accessories
https://www.pedigreeskishop.com/category.cfm/ski/kids-junior-swimwear-boardshorts,http://209.208.39.58:8999/swim
https://www.pedigreeskishop.com/category.cfm/ski/kids-junior-swimwear-rashguards,http://209.208.39.58:8999/swim
https://www.pedigreeskishop.com/category.cfm/ski/kids-junior-swimwear-swimsuits,http://209.208.39.58:8999/swim
https://www.pedigreeskishop.com/category.cfm/ski/kids-junior-vests,https://www.pedigreeskishop.com/kids-vests
https://www.pedigreeskishop.com/category.cfm/ski/kids-junior-vests-insulatedvests,https://www.pedigreeskishop.com/kids-vests-insulated
https://www.pedigreeskishop.com/category.cfm/ski/kids-junior/brand/ARCTERYX,http://209.208.39.58:8999/kids
https://www.pedigreeskishop.com/category.cfm/ski/kids-junior/brand/BOGNER%20OF%20AMERICA,http://209.208.39.58:8999/kids
https://www.pedigreeskishop.com/category.cfm/ski/kids-junior/brand/DESCENTE%20AMERICA,http://209.208.39.58:8999/kids
https://www.pedigreeskishop.com/category.cfm/ski/kids-junior/brand/KARBON,http://209.208.39.58:8999/kids
https://www.pedigreeskishop.com/category.cfm/ski/kids-junior/brand/KJUS,http://209.208.39.58:8999/kids
https://www.pedigreeskishop.com/category.cfm/ski/kids-junior/brand/PATAGONIA,http://209.208.39.58:8999/kids
https://www.pedigreeskishop.com/category.cfm/ski/kids-junior/brand/SUN%20ICE,http://209.208.39.58:8999/kids
https://www.pedigreeskishop.com/category.cfm/ski/kids-juniors-onepieceskisuits,http://209.208.39.58:8999/kids-suits
https://www.pedigreeskishop.com/category.cfm/ski/kids-performanceunderwear,http://209.208.39.58:8999/kids-layering
https://www.pedigreeskishop.com/category.cfm/ski/kids-performanceunderwear-bottoms,http://209.208.39.58:8999/kids-layering
https://www.pedigreeskishop.com/category.cfm/ski/kids-performanceunderwear-tops,http://209.208.39.58:8999/kids-layering
https://www.pedigreeskishop.com/category.cfm/ski/kids-toddler,http://209.208.39.58:8999/kids
https://www.pedigreeskishop.com/category.cfm/ski/kids-toddler-footwear,https://www.pedigreeskishop.com/kids-footwear
https://www.pedigreeskishop.com/category.cfm/ski/kids-toddler-footwear-sandals,http://209.208.39.58:8999/kids-footwear
https://www.pedigreeskishop.com/category.cfm/ski/kids-toddler-footwear-tennisshoes,https://www.pedigreeskishop.com/kids-footwear-tennis-shoes
https://www.pedigreeskishop.com/category.cfm/ski/kids-toddler-footwear-tennisshoes/brand/PATAGONIA,https://www.pedigreeskishop.com/kids-footwear-tennis-shoes
https://www.pedigreeskishop.com/category.cfm/ski/kids-toddler-footwear-winterboots,https://www.pedigreeskishop.com/kids-footwear-winter-boots
https://www.pedigreeskishop.com/category.cfm/ski/kids-toddler-hatsglovesandaccessories,http://209.208.39.58:8999/kids-accessories
https://www.pedigreeskishop.com/category.cfm/ski/kids-toddler-hatsglovesandaccessories-fleeceandsoftshellgloves,http://209.208.39.58:8999/kids-accessories
https://www.pedigreeskishop.com/category.cfm/ski/kids-toddler-hatsglovesandaccessories-skiandsnowboardglovesandmittens,http://209.208.39.58:8999/kids-accessories
https://www.pedigreeskishop.com/category.cfm/ski/kids-toddler-hatsglovesandaccessories-summerhats,http://209.208.39.58:8999/kids-accessories
https://www.pedigreeskishop.com/category.cfm/ski/kids-toddler-hatsglovesandaccessories-winterhats,http://209.208.39.58:8999/kids-accessories
https://www.pedigreeskishop.com/category.cfm/ski/kids-toddler-hatsglovesandaccessories/brand/OBERMEYER,http://209.208.39.58:8999/kids-accessories
https://www.pedigreeskishop.com/category.cfm/ski/kids-toddler-jackets,http://209.208.39.58:8999/kids-jackets
https://www.pedigreeskishop.com/category.cfm/ski/kids-toddler-jackets-fleecejackets,https://www.pedigreeskishop.com/kids-jackets-fleece
https://www.pedigreeskishop.com/category.cfm/ski/kids-toddler-jackets-fleecejackets/brand/PATAGONIA,https://www.pedigreeskishop.com/kids-jackets-fleece
https://www.pedigreeskishop.com/category.cfm/ski/kids-toddler-jackets-insulatedjackets,https://www.pedigreeskishop.com/kids-jackets-insulators
https://www.pedigreeskishop.com/category.cfm/ski/kids-toddler-onepieceskisuits,http://209.208.39.58:8999/kids-suits
https://www.pedigreeskishop.com/category.cfm/ski/kids-toddler-pants,http://209.208.39.58:8999/kids-pants
https://www.pedigreeskishop.com/category.cfm/ski/kids-toddler-pants-bibs,https://www.pedigreeskishop.com/kids-pants-bibs
https://www.pedigreeskishop.com/category.cfm/ski/kids-toddler-pants-fleecepants,https://www.pedigreeskishop.com/kids-vests-fleece
https://www.pedigreeskishop.com/category.cfm/ski/kids-toddler-pants-insulatedpants,https://www.pedigreeskishop.com/kids-pants-insulated
https://www.pedigreeskishop.com/category.cfm/ski/kids-toddler-shirts,http://209.208.39.58:8999/kids-shirts
https://www.pedigreeskishop.com/category.cfm/ski/kids-toddler-shirts-rashguards,http://209.208.39.58:8999/kids-shirts
https://www.pedigreeskishop.com/category.cfm/ski/kids-toddler-shirts-tennisshirts,https://www.pedigreeskishop.com/kids-shirts-tennis-crew
https://www.pedigreeskishop.com/category.cfm/ski/kids-toddler-shirts-turtlenecks,http://209.208.39.58:8999/kids-shirts
https://www.pedigreeskishop.com/category.cfm/ski/kids-toddler-shorts,http://209.208.39.58:8999/kids-shorts
https://www.pedigreeskishop.com/category.cfm/ski/kids-toddler-shorts-boardshorts,http://209.208.39.58:8999/kids-shorts
https://www.pedigreeskishop.com/category.cfm/ski/kids-toddler-shorts-tennisshorts,https://www.pedigreeskishop.com/kids-shorts-tennis
https://www.pedigreeskishop.com/category.cfm/ski/kids-toddler-skirtsanddresses,https://www.pedigreeskishop.com/tennis-girls-clothing-dresses
https://www.pedigreeskishop.com/category.cfm/ski/kids-toddler-skirtsanddresses-tennis,https://www.pedigreeskishop.com/kids-dresses-tennis
https://www.pedigreeskishop.com/category.cfm/ski/kids-toddler-sweatersandsweatshirts,https://www.pedigreeskishop.com/kids-shirts-sweatshirts
https://www.pedigreeskishop.com/category.cfm/ski/kids-toddler-swimwear,http://209.208.39.58:8999/swim
https://www.pedigreeskishop.com/category.cfm/ski/kids-toddler-swimwear-boardshorts,http://209.208.39.58:8999/swim
https://www.pedigreeskishop.com/category.cfm/ski/kids-toddler-swimwear-rashguards,http://209.208.39.58:8999/swim
https://www.pedigreeskishop.com/category.cfm/ski/kids-toddler-swimwear-swimsuits,http://209.208.39.58:8999/swim
https://www.pedigreeskishop.com/category.cfm/ski/lsacrqhqosftob.html,http://209.208.39.58:8999/
https://www.pedigreeskishop.com/category.cfm/ski/mens,http://209.208.39.58:8999/mens
https://www.pedigreeskishop.com/category.cfm/ski/mens-footwear,http://209.208.39.58:8999/mens-footwear
https://www.pedigreeskishop.com/category.cfm/ski/mens-footwear-sandals,http://209.208.39.58:8999/mens-footwear
https://www.pedigreeskishop.com/category.cfm/ski/mens-footwear-tennisshoes,http://209.208.39.58:8999/mens-footwear
https://www.pedigreeskishop.com/category.cfm/ski/mens-footwear-winterboots,http://209.208.39.58:8999/mens-footwear
https://www.pedigreeskishop.com/category.cfm/ski/mens-gore-tex,http://209.208.39.58:8999/mens
https://www.pedigreeskishop.com/category.cfm/ski/mens-hatsglovesandaccessories,http://209.208.39.58:8999/mens-accessories
https://www.pedigreeskishop.com/category.cfm/ski/mens-hatsglovesandaccessories-accessories,http://209.208.39.58:8999/mens-accessories
https://www.pedigreeskishop.com/category.cfm/ski/mens-hatsglovesandaccessories-fleeceandsoftshellgloves,http://209.208.39.58:8999/mens-accessories
https://www.pedigreeskishop.com/category.cfm/ski/mens-hatsglovesandaccessories-skiandsnowboardglovesandmittens,http://209.208.39.58:8999/mens-accessories
https://www.pedigreeskishop.com/category.cfm/ski/mens-hatsglovesandaccessories-summerhats,http://209.208.39.58:8999/mens-accessories
https://www.pedigreeskishop.com/category.cfm/ski/mens-hatsglovesandaccessories/brand/KILLY,http://209.208.39.58:8999/mens-accessories
https://www.pedigreeskishop.com/category.cfm/ski/mens-hatsglovesandaccessories/brand/KJUS,http://209.208.39.58:8999/mens-accessories
https://www.pedigreeskishop.com/category.cfm/ski/mens-hatsglovesandaccessories/brand/SPYDER%20ACTIVE%20SPORTS,http://209.208.39.58:8999/mens-accessories
https://www.pedigreeskishop.com/category.cfm/ski/mens-hatsglovesandaccesssories-winterhats,http://209.208.39.58:8999/mens-accessories
https://www.pedigreeskishop.com/category.cfm/ski/mens-jackets,http://209.208.39.58:8999/mens-jackets
https://www.pedigreeskishop.com/category.cfm/ski/mens-jackets-casualjackets,http://209.208.39.58:8999/mens-jackets
https://www.pedigreeskishop.com/category.cfm/ski/mens-jackets-fleecejackets,http://209.208.39.58:8999/mens-jackets
https://www.pedigreeskishop.com/category.cfm/ski/mens-jackets-fleecejackets/brand/GOLDWIN,http://209.208.39.58:8999/mens-jackets
https://www.pedigreeskishop.com/category.cfm/ski/mens-jackets-fleecejackets/brand/NORDICA,http://209.208.39.58:8999/mens-jackets
https://www.pedigreeskishop.com/category.cfm/ski/mens-jackets-fleecejackets/brand/WELLENSTEYN,http://209.208.39.58:8999/mens-jackets
https://www.pedigreeskishop.com/category.cfm/ski/mens-jackets-insulatedjackets,http://209.208.39.58:8999/mens-jackets
https://www.pedigreeskishop.com/category.cfm/ski/mens-jackets-insulatedjackets/brand/KARBON,http://209.208.39.58:8999/mens-jackets
https://www.pedigreeskishop.com/category.cfm/ski/mens-jackets-insulators,http://209.208.39.58:8999/mens-jackets
https://www.pedigreeskishop.com/category.cfm/ski/mens-jackets-shelljackets,http://209.208.39.58:8999/mens-jackets
https://www.pedigreeskishop.com/category.cfm/ski/mens-jackets-snowboardjackets,http://209.208.39.58:8999/mens-jackets
https://www.pedigreeskishop.com/category.cfm/ski/mens-jackets-softshelljackets,http://209.208.39.58:8999/mens-jackets
https://www.pedigreeskishop.com/category.cfm/ski/mens-jackets-tennisandfitnessjackets,http://209.208.39.58:8999/mens-jackets
https://www.pedigreeskishop.com/category.cfm/ski/mens-jackets/brand/CANADA%20GOOSE,http://209.208.39.58:8999/mens-jackets
https://www.pedigreeskishop.com/category.cfm/ski/mens-jackets/brand/DESCENTE%20AMERICA,http://209.208.39.58:8999/mens-jackets
https://www.pedigreeskishop.com/category.cfm/ski/mens-jackets/brand/HELLY%20HANSEN,http://209.208.39.58:8999/mens-jackets
https://www.pedigreeskishop.com/category.cfm/ski/mens-jackets/brand/KJUS,http://209.208.39.58:8999/mens-jackets
https://www.pedigreeskishop.com/category.cfm/ski/mens-jackets/brand/MILLET%20USA,http://209.208.39.58:8999/mens-jackets
https://www.pedigreeskishop.com/category.cfm/ski/mens-jackets/brand/MOUNTAIN%20FORCE,http://209.208.39.58:8999/mens-jackets
https://www.pedigreeskishop.com/category.cfm/ski/mens-jackets/brand/ORAGE,http://209.208.39.58:8999/mens-jackets
https://www.pedigreeskishop.com/category.cfm/ski/mens-jackets/brand/TONI%20SAILER,http://209.208.39.58:8999/mens-jackets
https://www.pedigreeskishop.com/category.cfm/ski/mens-pants,http://209.208.39.58:8999/mens-pants
https://www.pedigreeskishop.com/category.cfm/ski/mens-pants-bibs,http://209.208.39.58:8999/mens-pants
https://www.pedigreeskishop.com/category.cfm/ski/mens-pants-casualpants,http://209.208.39.58:8999/mens-pants
https://www.pedigreeskishop.com/category.cfm/ski/mens-pants-fleecepants,http://209.208.39.58:8999/mens-pants
https://www.pedigreeskishop.com/category.cfm/ski/mens-pants-insulated,http://209.208.39.58:8999/mens-pants
https://www.pedigreeskishop.com/category.cfm/ski/mens-pants-shell,http://209.208.39.58:8999/mens-pants
https://www.pedigreeskishop.com/category.cfm/ski/mens-pants-snowboardpants,http://209.208.39.58:8999/mens-pants
https://www.pedigreeskishop.com/category.cfm/ski/mens-pants-stretchpants,http://209.208.39.58:8999/mens-pants
https://www.pedigreeskishop.com/category.cfm/ski/mens-pants-tennisandfitnesspants,http://209.208.39.58:8999/mens-pants
https://www.pedigreeskishop.com/category.cfm/ski/mens-performance,http://209.208.39.58:8999/mens-layering
https://www.pedigreeskishop.com/category.cfm/ski/mens-performanceunderwear-bottoms,http://209.208.39.58:8999/mens-layering
https://www.pedigreeskishop.com/category.cfm/ski/mens-performanceunderwear-tops,http://209.208.39.58:8999/mens-layering
https://www.pedigreeskishop.com/category.cfm/ski/mens-shirts,http://209.208.39.58:8999/mens-shirts
https://www.pedigreeskishop.com/category.cfm/ski/mens-shirts-casualshirts,http://209.208.39.58:8999/mens-shirts
https://www.pedigreeskishop.com/category.cfm/ski/mens-shirts-rashguards,http://209.208.39.58:8999/mens-shirts
https://www.pedigreeskishop.com/category.cfm/ski/mens-shirts-tennisandfitnessshirts,http://209.208.39.58:8999/mens-shirts
https://www.pedigreeskishop.com/category.cfm/ski/mens-shirts-tshirts,http://209.208.39.58:8999/mens-shirts
https://www.pedigreeskishop.com/category.cfm/ski/mens-shirts-tshirts/brand/WELLENSTEYN,http://209.208.39.58:8999/mens-shirts
https://www.pedigreeskishop.com/category.cfm/ski/mens-shirts-turtleneckshirts,http://209.208.39.58:8999/mens-shirts
https://www.pedigreeskishop.com/category.cfm/ski/mens-shirts-turtleneckshirts/brand/BOLLE%20TENNIS%20CLOTHIN,http://209.208.39.58:8999/mens-shirts
https://www.pedigreeskishop.com/category.cfm/ski/mens-shirts-turtleneckshirts/brand/DESCENTE%20AMERICA,http://209.208.39.58:8999/mens-shirts
https://www.pedigreeskishop.com/category.cfm/ski/mens-shirts-turtleneckshirts/brand/SALOMON,http://209.208.39.58:8999/mens-shirts
https://www.pedigreeskishop.com/category.cfm/ski/mens-shirts/brand/LACOSTE,http://209.208.39.58:8999/mens-shirts
https://www.pedigreeskishop.com/category.cfm/ski/mens-shorts,https://www.pedigreeskishop.com/mens-shorts
https://www.pedigreeskishop.com/category.cfm/ski/mens-shorts-boardshorts,http://209.208.39.58:8999/mens-shorts
https://www.pedigreeskishop.com/category.cfm/ski/mens-shorts-casualshorts,http://209.208.39.58:8999/mens-shorts
https://www.pedigreeskishop.com/category.cfm/ski/mens-shorts-tennisandfitnessshorts,http://209.208.39.58:8999/mens-shorts
https://www.pedigreeskishop.com/category.cfm/ski/mens-sweatersandsweatshirts,http://209.208.39.58:8999/mens-layering
https://www.pedigreeskishop.com/category.cfm/ski/mens-sweatersandsweatshirts-snowboard,http://209.208.39.58:8999/mens-layering
https://www.pedigreeskishop.com/category.cfm/ski/mens-swimwear,http://209.208.39.58:8999/swim-male
https://www.pedigreeskishop.com/category.cfm/ski/mens-swimwear-accessories,http://209.208.39.58:8999/swim-accessories
https://www.pedigreeskishop.com/category.cfm/ski/mens-swimwear-boardshorts,http://209.208.39.58:8999/swim-male
https://www.pedigreeskishop.com/category.cfm/ski/mens-swimwear-boardshorts/brand/DESCENTE%20AMERICA,http://209.208.39.58:8999/swim-male
https://www.pedigreeskishop.com/category.cfm/ski/mens-swimwear-lifeguard,https://www.pedigreeskishop.com/swim-lifeguard
https://www.pedigreeskishop.com/category.cfm/ski/mens-swimwear-lifeguard/brand/SPEEDO,http://209.208.39.58:8999/swim-lifeguard
https://www.pedigreeskishop.com/category.cfm/ski/mens-swimwear-lifeguard/brand/UNDER%20ARMOUR,http://209.208.39.58:8999/swim-lifeguard
https://www.pedigreeskishop.com/category.cfm/ski/mens-swimwear-practicesuits,http://209.208.39.58:8999/swim-male
https://www.pedigreeskishop.com/category.cfm/ski/mens-swimwear-racesuits,http://209.208.39.58:8999/swim-male
https://www.pedigreeskishop.com/category.cfm/ski/mens-swimwear-rashguards,http://209.208.39.58:8999/swim-male
https://www.pedigreeskishop.com/category.cfm/ski/mens-swimwear/brand/SPEEDO,http://209.208.39.58:8999/swim-male
https://www.pedigreeskishop.com/category.cfm/ski/mens-vests,http://209.208.39.58:8999/mens-vests
https://www.pedigreeskishop.com/category.cfm/ski/mens-vests-fleecevests,http://209.208.39.58:8999/mens-vests
https://www.pedigreeskishop.com/category.cfm/ski/mens-vests-insulatedvests,http://209.208.39.58:8999/mens-vests
https://www.pedigreeskishop.com/category.cfm/ski/mens-vests-softshellvests,http://209.208.39.58:8999/mens-vests
https://www.pedigreeskishop.com/category.cfm/ski/mens-vests-tennisvests,http://209.208.39.58:8999/mens-vests
https://www.pedigreeskishop.com/category.cfm/ski/mens-vests/brand/KJUS,http://209.208.39.58:8999/mens-vests
https://www.pedigreeskishop.com/category.cfm/ski/mens/brand/KJUS,http://209.208.39.58:8999/mens-vests
https://www.pedigreeskishop.com/category.cfm/ski/sale,http://209.208.39.58:8999/ski/browse/sale/Y
https://www.pedigreeskishop.com/category.cfm/ski/sale-equipment,https://www.pedigreeskishop.com/ski-equipment
https://www.pedigreeskishop.com/category.cfm/ski/sale-kids,http://209.208.39.58:8999/kids/browse/sale/Y
https://www.pedigreeskishop.com/category.cfm/ski/sale-mens,http://209.208.39.58:8999/mens/browse/sale/Y
https://www.pedigreeskishop.com/category.cfm/ski/sale-womens,http://209.208.39.58:8999/womens/browse/sale/Y
https://www.pedigreeskishop.com/category.cfm/ski/shopbysport,http://209.208.39.58:8999/ski
https://www.pedigreeskishop.com/category.cfm/ski/shopbysport-skiing,http://209.208.39.58:8999/ski
https://www.pedigreeskishop.com/category.cfm/ski/shopbysport-skiing/brand/ALMGWAND,http://209.208.39.58:8999/ski
https://www.pedigreeskishop.com/category.cfm/ski/shopbysport-skiing/brand/ALP%20N%20ROCK,http://209.208.39.58:8999/ski
https://www.pedigreeskishop.com/category.cfm/ski/shopbysport-skiing/brand/BOGNER%20OF%20AMERICA,http://209.208.39.58:8999/ski
https://www.pedigreeskishop.com/category.cfm/ski/shopbysport-skiing/brand/CANADA%20GOOSE,http://209.208.39.58:8999/ski
https://www.pedigreeskishop.com/category.cfm/ski/shopbysport-skiing/brand/SWANY,http://209.208.39.58:8999/ski
https://www.pedigreeskishop.com/category.cfm/ski/shopbysport-snowboarding,http://209.208.39.58:8999/ski
https://www.pedigreeskishop.com/category.cfm/ski/shopbysport-snowboarding/brand/GIRO,http://209.208.39.58:8999/ski
https://www.pedigreeskishop.com/category.cfm/ski/shopbysport-swimming,http://209.208.39.58:8999/swim
https://www.pedigreeskishop.com/category.cfm/ski/shopbysport-swimming/brand/SUPER%20FEET,http://209.208.39.58:8999/swim
https://www.pedigreeskishop.com/category.cfm/ski/shopbysport-tennis,http://209.208.39.58:8999/tennis
https://www.pedigreeskishop.com/category.cfm/ski/shopbysport-tennis/brand/DENISE%20CRONWALL,http://209.208.39.58:8999/tennis
https://www.pedigreeskishop.com/category.cfm/ski/shopbysport-tennis/brand/LACOSTE,http://209.208.39.58:8999/tennis
https://www.pedigreeskishop.com/category.cfm/ski/shopbysport-tennis/brand/LIJA,http://209.208.39.58:8999/tennis
https://www.pedigreeskishop.com/category.cfm/ski/shopbysport-tennis/brand/LITTLE%20MISS%20TENNIS,http://209.208.39.58:8999/tennis
https://www.pedigreeskishop.com/category.cfm/ski/shopbysport-tennis/brand/LUCKY%20IN%20LOVE,http://209.208.39.58:8999/tennis
https://www.pedigreeskishop.com/category.cfm/ski/shopbysport/brand/ALMGWAND,http://209.208.39.58:8999/ski
https://www.pedigreeskishop.com/category.cfm/ski/shopbysport/brand/PARAJUMPERS,http://209.208.39.58:8999/ski
https://www.pedigreeskishop.com/category.cfm/ski/ski-bindings,https://www.pedigreeskishop.com/ski-equipment-ski-bindings
https://www.pedigreeskishop.com/category.cfm/ski/ski-bindings-adult,https://www.pedigreeskishop.com/ski-equipment-ski-bindings
https://www.pedigreeskishop.com/category.cfm/ski/ski-bindings-kids,https://www.pedigreeskishop.com/ski-equipment-ski-bindings
https://www.pedigreeskishop.com/category.cfm/ski/ski-boots,https://www.pedigreeskishop.com/ski-equipment-ski-boots
https://www.pedigreeskishop.com/category.cfm/ski/ski-boots-kids,https://www.pedigreeskishop.com/ski-equipment-ski-boots-kids
https://www.pedigreeskishop.com/category.cfm/ski/ski-boots-mens,https://www.pedigreeskishop.com/ski-equipment-ski-boots-mens
https://www.pedigreeskishop.com/category.cfm/ski/ski-boots-womens,https://www.pedigreeskishop.com/ski-equipment-ski-boots-womens
https://www.pedigreeskishop.com/category.cfm/ski/ski-boots/brand/NORDICA,https://www.pedigreeskishop.com/ski-equipment-ski-boots-mens
https://www.pedigreeskishop.com/category.cfm/ski/ski-dailyandseasonalrentals,http://209.208.39.58:8999/ski
https://www.pedigreeskishop.com/category.cfm/ski/ski-poles,https://www.pedigreeskishop.com/ski-equipment-ski-poles
https://www.pedigreeskishop.com/category.cfm/ski/ski-poles/brand/BLIZZARD,https://www.pedigreeskishop.com/ski-equipment-ski-poles
https://www.pedigreeskishop.com/category.cfm/ski/ski-poles/brand/SAN%20DIEGO,https://www.pedigreeskishop.com/ski-equipment-ski-poles
https://www.pedigreeskishop.com/category.cfm/ski/ski-skijackets,https://www.pedigreeskishop.com/ski-clothing-ski-jackets
https://www.pedigreeskishop.com/category.cfm/ski/ski-skijackets-junior,http://209.208.39.58:8999/kids-jackets
https://www.pedigreeskishop.com/category.cfm/ski/ski-skijackets-junior/brand/ARCTERYX,http://209.208.39.58:8999/kids-jackets
https://www.pedigreeskishop.com/category.cfm/ski/ski-skijackets-junior/brand/FEYEM,http://209.208.39.58:8999/kids-jackets
https://www.pedigreeskishop.com/category.cfm/ski/ski-skijackets-mens,http://209.208.39.58:8999/mens-jackets
https://www.pedigreeskishop.com/category.cfm/ski/ski-skijackets-mens/brand/KILLY,http://209.208.39.58:8999/mens-jackets
https://www.pedigreeskishop.com/category.cfm/ski/ski-skijackets-toddler,http://209.208.39.58:8999/kids-jackets
https://www.pedigreeskishop.com/category.cfm/ski/ski-skijackets-womens,http://209.208.39.58:8999/womens-jackets
https://www.pedigreeskishop.com/category.cfm/ski/ski-skijackets-womens/brand/DESCENTE%20AMERICA,http://209.208.39.58:8999/womens-jackets
https://www.pedigreeskishop.com/category.cfm/ski/ski-skijackets-womens/brand/GOLDWIN,http://209.208.39.58:8999/womens-jackets
https://www.pedigreeskishop.com/category.cfm/ski/ski-skijackets-womens/brand/K-SWISS,http://209.208.39.58:8999/womens-jackets
https://www.pedigreeskishop.com/category.cfm/ski/ski-skijackets-womens/brand/KARBON,http://209.208.39.58:8999/womens-jackets
https://www.pedigreeskishop.com/category.cfm/ski/ski-skijackets-womens/brand/OBERMEYER,http://209.208.39.58:8999/womens-jackets
https://www.pedigreeskishop.com/category.cfm/ski/ski-skijackets-womens/brand/TONI%20SAILER,http://209.208.39.58:8999/womens-jackets
https://www.pedigreeskishop.com/category.cfm/ski/ski-skijackets/brand/BOGNER%20OF%20AMERICA,http://209.208.39.58:8999/ski-clothing-ski-jackets
https://www.pedigreeskishop.com/category.cfm/ski/ski-skijackets/brand/DESCENTE%20AMERICA,http://209.208.39.58:8999/ski-clothing-ski-jackets
https://www.pedigreeskishop.com/category.cfm/ski/ski-skijackets/brand/FERA%20INTERNATIONAL%20C,http://209.208.39.58:8999/ski-clothing-ski-jackets
https://www.pedigreeskishop.com/category.cfm/ski/ski-skijackets/brand/FILA,http://209.208.39.58:8999/ski-clothing-ski-jackets
https://www.pedigreeskishop.com/category.cfm/ski/ski-skijackets/brand/GOLDWIN,http://209.208.39.58:8999/ski-clothing-ski-jackets
https://www.pedigreeskishop.com/category.cfm/ski/ski-skijackets/brand/JUPA,http://209.208.39.58:8999/ski-clothing-ski-jackets
https://www.pedigreeskishop.com/category.cfm/ski/ski-skijackets/brand/KARBON,http://209.208.39.58:8999/ski-clothing-ski-jackets
https://www.pedigreeskishop.com/category.cfm/ski/ski-skijackets/brand/KILLY,http://209.208.39.58:8999/ski-clothing-ski-jackets
https://www.pedigreeskishop.com/category.cfm/ski/ski-skijackets/brand/KJUS,http://209.208.39.58:8999/ski-clothing-ski-jackets
https://www.pedigreeskishop.com/category.cfm/ski/ski-skijackets/brand/MOUNTAIN%20FORCE,http://209.208.39.58:8999/ski-clothing-ski-jackets
https://www.pedigreeskishop.com/category.cfm/ski/ski-skijackets/brand/NILS,http://209.208.39.58:8999/ski-clothing-ski-jackets
https://www.pedigreeskishop.com/category.cfm/ski/ski-skijackets/brand/OBERMEYER,http://209.208.39.58:8999/ski-clothing-ski-jackets
https://www.pedigreeskishop.com/category.cfm/ski/ski-skijackets/brand/PARAJUMPERS,http://209.208.39.58:8999/ski-clothing-ski-jackets
https://www.pedigreeskishop.com/category.cfm/ski/ski-skijackets/brand/PATAGONIA,http://209.208.39.58:8999/ski-clothing-ski-jackets
https://www.pedigreeskishop.com/category.cfm/ski/ski-skijackets/brand/SKEA,http://209.208.39.58:8999/ski-clothing-ski-jackets
https://www.pedigreeskishop.com/category.cfm/ski/ski-skijackets/brand/SUN%20ICE,http://209.208.39.58:8999/ski-clothing-ski-jackets
https://www.pedigreeskishop.com/category.cfm/ski/ski-skijackets/brand/TONI%20SAILER,http://209.208.39.58:8999/ski-clothing-ski-jackets
https://www.pedigreeskishop.com/category.cfm/ski/ski-skipants,https://www.pedigreeskishop.com/ski-clothing-ski-pants
https://www.pedigreeskishop.com/category.cfm/ski/ski-skipants-junior,http://209.208.39.58:8999/kids-pants
https://www.pedigreeskishop.com/category.cfm/ski/ski-skipants-mens,http://209.208.39.58:8999/mens-pants
https://www.pedigreeskishop.com/category.cfm/ski/ski-skipants-toddler,http://209.208.39.58:8999/kids-pants
https://www.pedigreeskishop.com/category.cfm/ski/ski-skipants-womens,http://209.208.39.58:8999/womens-pants
https://www.pedigreeskishop.com/category.cfm/ski/ski-skipants-womens/brand/KARBON,http://209.208.39.58:8999/womens-pants
https://www.pedigreeskishop.com/category.cfm/ski/ski-skipants/brand/DARE2B,http://209.208.39.58:8999/ski-clothing-ski-pants
https://www.pedigreeskishop.com/category.cfm/ski/ski-skipants/brand/ERIN%20SNOW,http://209.208.39.58:8999/ski-clothing-ski-pants
https://www.pedigreeskishop.com/category.cfm/ski/ski-skipants/brand/FERA%20INTERNATIONAL%20C,http://209.208.39.58:8999/ski-clothing-ski-pants
https://www.pedigreeskishop.com/category.cfm/ski/ski-skipants/brand/HELLY%20HANSEN,http://209.208.39.58:8999/ski-clothing-ski-pants
https://www.pedigreeskishop.com/category.cfm/ski/ski-skipants/brand/KARBON,http://209.208.39.58:8999/ski-clothing-ski-pants
https://www.pedigreeskishop.com/category.cfm/ski/ski-skipants/brand/KILLTEC,http://209.208.39.58:8999/ski-clothing-ski-pants
https://www.pedigreeskishop.com/category.cfm/ski/ski-skipants/brand/MOUNTAIN%20FORCE,http://209.208.39.58:8999/ski-clothing-ski-pants
https://www.pedigreeskishop.com/category.cfm/ski/ski-skipants/brand/NILS,http://209.208.39.58:8999/ski-clothing-ski-pants
https://www.pedigreeskishop.com/category.cfm/ski/ski-skipants/brand/SUN%20ICE,http://209.208.39.58:8999/ski-clothing-ski-pants
https://www.pedigreeskishop.com/category.cfm/ski/ski-skipants/brand/TONI%20SAILER,http://209.208.39.58:8999/ski-clothing-ski-pants
https://www.pedigreeskishop.com/category.cfm/ski/ski-skis,http://209.208.39.58:8999/ski-equipment-skis
https://www.pedigreeskishop.com/category.cfm/ski/ski-skis-kids,http://209.208.39.58:8999/ski-equipment-skis
https://www.pedigreeskishop.com/category.cfm/ski/ski-skis-mens,http://209.208.39.58:8999/ski-equipment-skis
https://www.pedigreeskishop.com/category.cfm/ski/ski-skis-womens,http://209.208.39.58:8999/ski-equipment-skis
https://www.pedigreeskishop.com/category.cfm/ski/ski-skis/brand/ROSSI%20SKI%20CO.,http://209.208.39.58:8999/ski-equipment-skis
https://www.pedigreeskishop.com/category.cfm/ski/skis,http://209.208.39.58:8999/ski-equipment-skis
https://www.pedigreeskishop.com/category.cfm/ski/skis/brand/KJUS,http://209.208.39.58:8999/ski-equipment-skis
https://www.pedigreeskishop.com/category.cfm/ski/skis/brand/TONI%20SAILER,http://209.208.39.58:8999/ski-equipment-skis
https://www.pedigreeskishop.com/category.cfm/ski/snowboard-accessories,https://www.pedigreeskishop.com/snowboard-accessories
https://www.pedigreeskishop.com/category.cfm/ski/snowboard-bindings,https://www.pedigreeskishop.com/snowboard-equipment-snowboard-bindings
https://www.pedigreeskishop.com/category.cfm/ski/snowboard-bindings-kids,https://www.pedigreeskishop.com/snowboard-equipment-snowboard-bindings-kids
https://www.pedigreeskishop.com/category.cfm/ski/snowboard-bindings-mens,https://www.pedigreeskishop.com/snowboard-equipment-snowboard-bindings-mens
https://www.pedigreeskishop.com/category.cfm/ski/snowboard-bindings-womens,https://www.pedigreeskishop.com/snowboard-equipment-snowboard-bindings-womens
https://www.pedigreeskishop.com/category.cfm/ski/snowboard-boots,https://www.pedigreeskishop.com/snowboard-equipment-snowboard-boots
https://www.pedigreeskishop.com/category.cfm/ski/snowboard-boots-kids,https://www.pedigreeskishop.com/snowboard-equipment-snowboard-boots-kids
https://www.pedigreeskishop.com/category.cfm/ski/snowboard-boots-mens,http://209.208.39.58:8999/mens-footwear-winter-boots
https://www.pedigreeskishop.com/category.cfm/ski/snowboard-boots-womens,http://209.208.39.58:8999/womens-footwear-winter-boots
https://www.pedigreeskishop.com/category.cfm/ski/snowboard-dailyandseasonalrentals,http://209.208.39.58:8999/
https://www.pedigreeskishop.com/category.cfm/ski/snowboard-sn,http://209.208.39.58:8999/snowboard-equipment-snowboards
https://www.pedigreeskishop.com/category.cfm/ski/snowboard-snowboardjackets,https://www.pedigreeskishop.com/snowboard-clothing-snowboard-jackets
https://www.pedigreeskishop.com/category.cfm/ski/snowboard-snowboardjackets-kids,https://www.pedigreeskishop.com/snowboard-clothing-snowboard-jackets
https://www.pedigreeskishop.com/category.cfm/ski/snowboard-snowboardjackets-mens,https://www.pedigreeskishop.com/snowboard-clothing-snowboard-jackets
https://www.pedigreeskishop.com/category.cfm/ski/snowboard-snowboardjackets-womens,http://209.208.39.58:8999/snowboard-clothing-snowboard-jackets
https://www.pedigreeskishop.com/category.cfm/ski/snowboard-snowboardjackets/brand/K-SWISS,https://www.pedigreeskishop.com/snowboard-clothing-snowboard-jackets
https://www.pedigreeskishop.com/category.cfm/ski/snowboard-snowboardjackets/brand/MILLET%20USA,https://www.pedigreeskishop.com/snowboard-clothing-snowboard-jackets
https://www.pedigreeskishop.com/category.cfm/ski/snowboard-snowboardjackets/brand/OAKLEY,https://www.pedigreeskishop.com/snowboard-clothing-snowboard-jackets
https://www.pedigreeskishop.com/category.cfm/ski/snowboard-snowboardjackets/brand/ORAGE,https://www.pedigreeskishop.com/snowboard-clothing-snowboard-jackets
https://www.pedigreeskishop.com/category.cfm/ski/snowboard-snowboardjackets/brand/PICTURE,https://www.pedigreeskishop.com/snowboard-clothing-snowboard-jackets
https://www.pedigreeskishop.com/category.cfm/ski/snowboard-snowboardpants,https://www.pedigreeskishop.com/snowboard-clothing-snowboard-pants
https://www.pedigreeskishop.com/category.cfm/ski/snowboard-snowboardpants-kids,https://www.pedigreeskishop.com/snowboard-clothing-snowboard-pants
https://www.pedigreeskishop.com/category.cfm/ski/snowboard-snowboardpants-mens,https://www.pedigreeskishop.com/snowboard-clothing-snowboard-pants
https://www.pedigreeskishop.com/category.cfm/ski/snowboard-snowboardpants-womens,https://www.pedigreeskishop.com/snowboard-equipment-snowboards-womens
https://www.pedigreeskishop.com/category.cfm/ski/snowboard-snowboards,http://209.208.39.58:8999/snowboard-equipment-snowboards
https://www.pedigreeskishop.com/category.cfm/ski/snowboard-snowboards-kids,http://209.208.39.58:8999/snowboard-equipment-snowboards
https://www.pedigreeskishop.com/category.cfm/ski/snowboard-snowboards-mens,http://209.208.39.58:8999/snowboard-equipment-snowboards
https://www.pedigreeskishop.com/category.cfm/ski/snowboard-snowboards-womens,http://209.208.39.58:8999/snowboard-equipment-snowboards
https://www.pedigreeskishop.com/category.cfm/ski/snowboard-snowboards/brand/NEVER%20SUMMER%20INDUSTRIES,http://209.208.39.58:8999/snowboard-equipment-snowboards
https://www.pedigreeskishop.com/category.cfm/ski/snowboards,http://209.208.39.58:8999/snowboard-equipment-snowboards
https://www.pedigreeskishop.com/category.cfm/ski/womens,http://209.208.39.58:8999/womens
https://www.pedigreeskishop.com/category.cfm/ski/womens-footwear,https://www.pedigreeskishop.com/womens-footwear
https://www.pedigreeskishop.com/category.cfm/ski/womens-footwear-other,https://www.pedigreeskishop.com/womens-footwear
https://www.pedigreeskishop.com/category.cfm/ski/womens-footwear-sandals,http://209.208.39.58:8999/womens-footwear
https://www.pedigreeskishop.com/category.cfm/ski/womens-footwear-tennis,http://209.208.39.58:8999/womens-footwear
https://www.pedigreeskishop.com/category.cfm/ski/womens-footwear-winter,https://www.pedigreeskishop.com/womens-footwear-winter-boots
https://www.pedigreeskishop.com/category.cfm/ski/womens-footwear-winter/brand/AMMANN,https://www.pedigreeskishop.com/womens-footwear-winter-boots
https://www.pedigreeskishop.com/category.cfm/ski/womens-footwear-winter/brand/REGINA%20IMPORTS,https://www.pedigreeskishop.com/womens-footwear-winter-boots
https://www.pedigreeskishop.com/category.cfm/ski/womens-footwear/brand/REGINA%20IMPORTS,https://www.pedigreeskishop.com/womens-footwear-winter-boots
https://www.pedigreeskishop.com/category.cfm/ski/womens-gore-tex,http://209.208.39.58:8999/womens-layering
https://www.pedigreeskishop.com/category.cfm/ski/womens-hats-gloves,https://www.pedigreeskishop.com/womens-accessories-gloves
https://www.pedigreeskishop.com/category.cfm/ski/womens-hats-gloves-and-accessories-fleece-and-softshell-gloves,http://209.208.39.58:8999/womens-accessories
https://www.pedigreeskishop.com/category.cfm/ski/womens-hats-gloves-and-accessories-ski-and-snowboard-gloves-and-mittens,http://209.208.39.58:8999/womens-accessories
https://www.pedigreeskishop.com/category.cfm/ski/womens-hats-gloves-and-accessories-ski-and-snowboard-gloves-and-mittens/brand/REUSCH,http://209.208.39.58:8999/womens-accessories
https://www.pedigreeskishop.com/category.cfm/ski/womens-hats-gloves-and-accessories-summerhats,http://209.208.39.58:8999/womens-accessories
https://www.pedigreeskishop.com/category.cfm/ski/womens-hats-gloves-and-accessories-winterhats,http://209.208.39.58:8999/womens-accessories
https://www.pedigreeskishop.com/category.cfm/ski/womens-hats-gloves-and-accesssories-accessories,http://209.208.39.58:8999/womens-accessories
https://www.pedigreeskishop.com/category.cfm/ski/womens-hats-gloves/brand/GRANDOE%20CORPORATION,http://209.208.39.58:8999/womens-accessories
https://www.pedigreeskishop.com/category.cfm/ski/womens-hats-gloves/brand/REUSCH,http://209.208.39.58:8999/womens-accessories
https://www.pedigreeskishop.com/category.cfm/ski/womens-jackets,https://www.pedigreeskishop.com/womens-jackets
https://www.pedigreeskishop.com/category.cfm/ski/womens-jackets-casual,https://www.pedigreeskishop.com/womens-jackets-casual
https://www.pedigreeskishop.com/category.cfm/ski/womens-jackets-fleece,https://www.pedigreeskishop.com/womens-jackets-fleece
https://www.pedigreeskishop.com/category.cfm/ski/womens-jackets-insulatedjackets,https://www.pedigreeskishop.com/womens-jackets-insulators
https://www.pedigreeskishop.com/category.cfm/ski/womens-jackets-insulatedjackets/brand/KARBON,https://www.pedigreeskishop.com/womens-jackets-insulators
https://www.pedigreeskishop.com/category.cfm/ski/womens-jackets-insulators,https://www.pedigreeskishop.com/womens-jackets-insulators
https://www.pedigreeskishop.com/category.cfm/ski/womens-jackets-long,https://www.pedigreeskishop.com/womens-jackets-ski
https://www.pedigreeskishop.com/category.cfm/ski/womens-jackets-long/brand/DESCENTE%20AMERICA,https://www.pedigreeskishop.com/womens-jackets-snowboard
https://www.pedigreeskishop.com/category.cfm/ski/womens-jackets-shelljackets,https://www.pedigreeskishop.com/womens-jackets-shell
https://www.pedigreeskishop.com/category.cfm/ski/womens-jackets-snowboard,https://www.pedigreeskishop.com/womens-jackets-snowboard
https://www.pedigreeskishop.com/category.cfm/ski/womens-jackets-snowboard/brand/FILA,https://www.pedigreeskishop.com/womens-jackets-snowboard
https://www.pedigreeskishop.com/category.cfm/ski/womens-jackets-softshelljackets,https://www.pedigreeskishop.com/womens-jackets-shell
https://www.pedigreeskishop.com/category.cfm/ski/womens-jackets-tennis,http://209.208.39.58:8999/tennis-womens-clothing
https://www.pedigreeskishop.com/category.cfm/ski/womens-jackets/brand/ALMGWAND,http://209.208.39.58:8999/womens-jackets
https://www.pedigreeskishop.com/category.cfm/ski/womens-jackets/brand/ARCTERYX,http://209.208.39.58:8999/womens-jackets
https://www.pedigreeskishop.com/category.cfm/ski/womens-jackets/brand/BOGNER%20OF%20AMERICA,http://209.208.39.58:8999/womens-jackets
https://www.pedigreeskishop.com/category.cfm/ski/womens-jackets/brand/DESCENTE%20AMERICA,http://209.208.39.58:8999/womens-jackets
https://www.pedigreeskishop.com/category.cfm/ski/womens-jackets/brand/KARBON,http://209.208.39.58:8999/womens-jackets
https://www.pedigreeskishop.com/category.cfm/ski/womens-jackets/brand/NILS,http://209.208.39.58:8999/womens-jackets
https://www.pedigreeskishop.com/category.cfm/ski/womens-jackets/brand/PARAJUMPERS,http://209.208.39.58:8999/womens-jackets
https://www.pedigreeskishop.com/category.cfm/ski/womens-jackets/brand/PATAGONIA,http://209.208.39.58:8999/womens-jackets
https://www.pedigreeskishop.com/category.cfm/ski/womens-jackets/brand/TONI%20SAILER,http://209.208.39.58:8999/womens-jackets
https://www.pedigreeskishop.com/category.cfm/ski/womens-one,http://209.208.39.58:8999/womens-jackets
https://www.pedigreeskishop.com/category.cfm/ski/womens-one/brand/HELLY%20HANSEN,http://209.208.39.58:8999/womens-jackets
https://www.pedigreeskishop.com/category.cfm/ski/womens-one/brand/MAMMUT,http://209.208.39.58:8999/womens-jackets
https://www.pedigreeskishop.com/category.cfm/ski/womens-onepieceskisuits,http://209.208.39.58:8999/womens-jackets
https://www.pedigreeskishop.com/category.cfm/ski/womens-onepieceskisuits-fashionsuits,http://209.208.39.58:8999/womens-jackets
https://www.pedigreeskishop.com/category.cfm/ski/womens-pants,https://www.pedigreeskishop.com/womens-pants
https://www.pedigreeskishop.com/category.cfm/ski/womens-pants-bibs,http://209.208.39.58:8999/womens-pants
https://www.pedigreeskishop.com/category.cfm/ski/womens-pants-casual,http://209.208.39.58:8999/womens-pants
https://www.pedigreeskishop.com/category.cfm/ski/womens-pants-fleecepants,http://209.208.39.58:8999/womens-pants
https://www.pedigreeskishop.com/category.cfm/ski/womens-pants-insulated,https://www.pedigreeskishop.com/womens-pants-insulated
https://www.pedigreeskishop.com/category.cfm/ski/womens-pants-shellpants,https://www.pedigreeskishop.com/womens-pants-shell
https://www.pedigreeskishop.com/category.cfm/ski/womens-pants-snowboard,https://www.pedigreeskishop.com/womens-pants-snowboard
https://www.pedigreeskishop.com/category.cfm/ski/womens-pants-stretchpants,http://209.208.39.58:8999/womens-pants
https://www.pedigreeskishop.com/category.cfm/ski/womens-pants-tennis,http://209.208.39.58:8999/womens-pants
https://www.pedigreeskishop.com/category.cfm/ski/womens-performanceunderwear,http://209.208.39.58:8999/womens-layering
https://www.pedigreeskishop.com/category.cfm/ski/womens-performanceunderwear-bottoms,http://209.208.39.58:8999/womens-layering
https://www.pedigreeskishop.com/category.cfm/ski/womens-shirts,https://www.pedigreeskishop.com/womens-shirts
https://www.pedigreeskishop.com/category.cfm/ski/womens-shirts-casual,https://www.pedigreeskishop.com/womens-shirts-casual
https://www.pedigreeskishop.com/category.cfm/ski/womens-shirts-rashguard,https://www.pedigreeskishop.com/womens-shirts-casual
https://www.pedigreeskishop.com/category.cfm/ski/womens-shirts-rashguard/brand/DESCENTE%20AMERICA,https://www.pedigreeskishop.com/womens-shirts-casual
https://www.pedigreeskishop.com/category.cfm/ski/womens-shirts-tennisandfitnessshirts,http://209.208.39.58:8999/womens-shirts
https://www.pedigreeskishop.com/category.cfm/ski/womens-shirts-tshirts,https://www.pedigreeskishop.com/womens-shirts-t-shirts
https://www.pedigreeskishop.com/category.cfm/ski/womens-shirts-turtlenecks,http://209.208.39.58:8999/womens-shirts
https://www.pedigreeskishop.com/category.cfm/ski/womens-shirts/brand/ALP%20N%20ROCK,http://209.208.39.58:8999/womens-shirts
https://www.pedigreeskishop.com/category.cfm/ski/womens-shorts,http://209.208.39.58:8999/womens
https://www.pedigreeskishop.com/category.cfm/ski/womens-shorts-boardshorts,http://209.208.39.58:8999/womens
https://www.pedigreeskishop.com/category.cfm/ski/womens-shorts-casual,https://www.pedigreeskishop.com/womens-shirts-casual
https://www.pedigreeskishop.com/category.cfm/ski/womens-shorts-tennis,https://www.pedigreeskishop.com/womens-shirts-tennis
https://www.pedigreeskishop.com/category.cfm/ski/womens-skirts,https://www.pedigreeskishop.com/womens-skirts
https://www.pedigreeskishop.com/category.cfm/ski/womens-skirtsanddresses,https://www.pedigreeskishop.com/tennis-womens-clothing-dresses
https://www.pedigreeskishop.com/category.cfm/ski/womens-sweatersandsweatshirts,https://www.pedigreeskishop.com/womens-shirts-sweatshirts
https://www.pedigreeskishop.com/category.cfm/ski/womens-sweatersandsweatshirts/brand/ICELANDIC%20DESIGN,https://www.pedigreeskishop.com/womens-shirts-sweatshirts
https://www.pedigreeskishop.com/category.cfm/ski/womens-sweatersandsweatshirts/brand/NEWLAND,https://www.pedigreeskishop.com/womens-shirts-sweatshirts
https://www.pedigreeskishop.com/category.cfm/ski/womens-swimwear,http://209.208.39.58:8999/swim-female
https://www.pedigreeskishop.com/category.cfm/ski/womens-swimwear-accessories,http://209.208.39.58:8999/swim-female
https://www.pedigreeskishop.com/category.cfm/ski/womens-swimwear-boardshorts,http://209.208.39.58:8999/swim-female
https://www.pedigreeskishop.com/category.cfm/ski/womens-swimwear-cover-ups,https://www.pedigreeskishop.com/swim-female-cover-ups
https://www.pedigreeskishop.com/category.cfm/ski/womens-swimwear-fashion,http://209.208.39.58:8999/swim-female
https://www.pedigreeskishop.com/category.cfm/ski/womens-swimwear-lifeguard,https://www.pedigreeskishop.com/swim-lifeguard
https://www.pedigreeskishop.com/category.cfm/ski/womens-swimwear-lifeguard/brand/ROXY,http://209.208.39.58:8999/swim-female
https://www.pedigreeskishop.com/category.cfm/ski/womens-swimwear-lifeguard/brand/SPEEDO,http://209.208.39.58:8999/swim-female
https://www.pedigreeskishop.com/category.cfm/ski/womens-swimwear-practicesuits,http://209.208.39.58:8999/swim-female
https://www.pedigreeskishop.com/category.cfm/ski/womens-swimwear-racesuits,http://209.208.39.58:8999/swim-female
https://www.pedigreeskishop.com/category.cfm/ski/womens-swimwear-rashguards,http://209.208.39.58:8999/swim-female
https://www.pedigreeskishop.com/category.cfm/ski/womens-swimwear/brand/DESCENTE%20AMERICA,http://209.208.39.58:8999/swim-female
https://www.pedigreeskishop.com/category.cfm/ski/womens-vests,https://www.pedigreeskishop.com/womens-vests
https://www.pedigreeskishop.com/category.cfm/ski/womens-vests-fleecevests,https://www.pedigreeskishop.com/womens-vests-fleece
https://www.pedigreeskishop.com/category.cfm/ski/womens-vests-insulatedvests,https://www.pedigreeskishop.com/womens-vests-insulated
https://www.pedigreeskishop.com/category.cfm/ski/womens-vests-softshell,http://209.208.39.58:8999/womens-vests
https://www.pedigreeskishop.com/category.cfm/ski/womens-vests-tennis,https://www.pedigreeskishop.com/womens-shirts-tennis
https://www.pedigreeskishop.com/category.cfm/ski/womens/brand/OBERMEYER,http://209.208.39.58:8999/womens
https://www.pedigreeskishop.com/category.cfm/ski/womens/brand/TONI%20SAILER,http://209.208.39.58:8999/womens